<!-- src/main/resources/struts.xml -->
<?xml version="1.0" encoding="UTF-8" ?>
<!DOCTYPE struts PUBLIC "-//Apache Software Foundation//DTD Struts Configuration 2.3//EN" "http://struts.apache.org/dtds/struts-2.3.dtd">
<struts>
    <package name="default" extends="struts-default">
        <action name="scanEmail" class="com.example.struts.ScanEmailAction">
            <result name="success">/result.jsp</result>
            <result name="error">/error.jsp</result>
        </action>
    </package>
</struts>